Region,Average_ORT_Percentage,Country_Count
Europe,61.2375,8
North America,53.00769230769231,13
Oceania,52.166666666666664,9
Asia,50.10285714285714,35
South America,44.775,8
Africa,37.55102040816327,49
